Name,Email,Company,Tags
User 1,user1@example.com,Bulk Test Ltd,BulkImport
User 2,user2@example.com,Bulk Test Ltd,BulkImport
User 3,user3@example.com,Bulk Test Ltd,BulkImport
User 4,user4@example.com,Bulk Test Ltd,BulkImport
User 5,user5@example.com,Bulk Test Ltd,BulkImport
User 6,user6@example.com,Bulk Test Ltd,BulkImport
User 7,user7@example.com,Bulk Test Ltd,BulkImport
User 8,user8@example.com,Bulk Test Ltd,BulkImport
User 9,user9@example.com,Bulk Test Ltd,BulkImport
User 10,user10@example.com,Bulk Test Ltd,BulkImport
User 11,user11@example.com,Bulk Test Ltd,BulkImport
User 12,user12@example.com,Bulk Test Ltd,BulkImport
User 13,user13@example.com,Bulk Test Ltd,BulkImport
User 14,user14@example.com,Bulk Test Ltd,BulkImport
User 15,user15@example.com,Bulk Test Ltd,BulkImport
User 16,user16@example.com,Bulk Test Ltd,BulkImport
User 17,user17@example.com,Bulk Test Ltd,BulkImport
User 18,user18@example.com,Bulk Test Ltd,BulkImport
User 19,user19@example.com,Bulk Test Ltd,BulkImport
User 20,user20@example.com,Bulk Test Ltd,BulkImport
User 21,user21@example.com,Bulk Test Ltd,BulkImport
User 22,user22@example.com,Bulk Test Ltd,BulkImport
User 23,user23@example.com,Bulk Test Ltd,BulkImport
User 24,user24@example.com,Bulk Test Ltd,BulkImport
User 25,user25@example.com,Bulk Test Ltd,BulkImport
User 26,user26@example.com,Bulk Test Ltd,BulkImport
User 27,user27@example.com,Bulk Test Ltd,BulkImport
User 28,user28@example.com,Bulk Test Ltd,BulkImport
User 29,user29@example.com,Bulk Test Ltd,BulkImport
User 30,user30@example.com,Bulk Test Ltd,BulkImport
User 31,user31@example.com,Bulk Test Ltd,BulkImport
User 32,user32@example.com,Bulk Test Ltd,BulkImport
User 33,user33@example.com,Bulk Test Ltd,BulkImport
User 34,user34@example.com,Bulk Test Ltd,BulkImport
User 35,user35@example.com,Bulk Test Ltd,BulkImport
User 36,user36@example.com,Bulk Test Ltd,BulkImport
User 37,user37@example.com,Bulk Test Ltd,BulkImport
User 38,user38@example.com,Bulk Test Ltd,BulkImport
User 39,user39@example.com,Bulk Test Ltd,BulkImport
User 40,user40@example.com,Bulk Test Ltd,BulkImport
User 41,user41@example.com,Bulk Test Ltd,BulkImport
User 42,user42@example.com,Bulk Test Ltd,BulkImport
User 43,user43@example.com,Bulk Test Ltd,BulkImport
User 44,user44@example.com,Bulk Test Ltd,BulkImport
User 45,user45@example.com,Bulk Test Ltd,BulkImport
User 46,user46@example.com,Bulk Test Ltd,BulkImport
User 47,user47@example.com,Bulk Test Ltd,BulkImport
User 48,user48@example.com,Bulk Test Ltd,BulkImport
User 49,user49@example.com,Bulk Test Ltd,BulkImport
User 50,user50@example.com,Bulk Test Ltd,BulkImport
User 51,user51@example.com,Bulk Test Ltd,BulkImport
User 52,user52@example.com,Bulk Test Ltd,BulkImport
User 53,user53@example.com,Bulk Test Ltd,BulkImport
User 54,user54@example.com,Bulk Test Ltd,BulkImport
User 55,user55@example.com,Bulk Test Ltd,BulkImport
User 56,user56@example.com,Bulk Test Ltd,BulkImport
User 57,user57@example.com,Bulk Test Ltd,BulkImport
User 58,user58@example.com,Bulk Test Ltd,BulkImport
User 59,user59@example.com,Bulk Test Ltd,BulkImport
User 60,user60@example.com,Bulk Test Ltd,BulkImport
User 61,user61@example.com,Bulk Test Ltd,BulkImport
User 62,user62@example.com,Bulk Test Ltd,BulkImport
User 63,user63@example.com,Bulk Test Ltd,BulkImport
User 64,user64@example.com,Bulk Test Ltd,BulkImport
User 65,user65@example.com,Bulk Test Ltd,BulkImport
User 66,user66@example.com,Bulk Test Ltd,BulkImport
User 67,user67@example.com,Bulk Test Ltd,BulkImport
User 68,user68@example.com,Bulk Test Ltd,BulkImport
User 69,user69@example.com,Bulk Test Ltd,BulkImport
User 70,user70@example.com,Bulk Test Ltd,BulkImport
User 71,user71@example.com,Bulk Test Ltd,BulkImport
User 72,user72@example.com,Bulk Test Ltd,BulkImport
User 73,user73@example.com,Bulk Test Ltd,BulkImport
User 74,user74@example.com,Bulk Test Ltd,BulkImport
User 75,user75@example.com,Bulk Test Ltd,BulkImport
User 76,user76@example.com,Bulk Test Ltd,BulkImport
User 77,user77@example.com,Bulk Test Ltd,BulkImport
User 78,user78@example.com,Bulk Test Ltd,BulkImport
User 79,user79@example.com,Bulk Test Ltd,BulkImport
User 80,user80@example.com,Bulk Test Ltd,BulkImport
User 81,user81@example.com,Bulk Test Ltd,BulkImport
User 82,user82@example.com,Bulk Test Ltd,BulkImport
User 83,user83@example.com,Bulk Test Ltd,BulkImport
User 84,user84@example.com,Bulk Test Ltd,BulkImport
User 85,user85@example.com,Bulk Test Ltd,BulkImport
User 86,user86@example.com,Bulk Test Ltd,BulkImport
User 87,user87@example.com,Bulk Test Ltd,BulkImport
User 88,user88@example.com,Bulk Test Ltd,BulkImport
User 89,user89@example.com,Bulk Test Ltd,BulkImport
User 90,user90@example.com,Bulk Test Ltd,BulkImport
User 91,user91@example.com,Bulk Test Ltd,BulkImport
User 92,user92@example.com,Bulk Test Ltd,BulkImport
User 93,user93@example.com,Bulk Test Ltd,BulkImport
User 94,user94@example.com,Bulk Test Ltd,BulkImport
User 95,user95@example.com,Bulk Test Ltd,BulkImport
User 96,user96@example.com,Bulk Test Ltd,BulkImport
User 97,user97@example.com,Bulk Test Ltd,BulkImport
User 98,user98@example.com,Bulk Test Ltd,BulkImport
User 99,user99@example.com,Bulk Test Ltd,BulkImport
User 100,user100@example.com,Bulk Test Ltd,BulkImport
